session,condition,stim_class,n_presentations,mean_speed_cm_s,std_speed_cm_s,median_speed_cm_s,pct_running
ses-715093703,drifting_gratings_presentations_2.0,drifting_gratings,200,8.991,8.063,9.674,59.5
ses-715093703,drifting_gratings_presentations_5.0,drifting_gratings,200,6.042,6.603,1.627,47.0
ses-715093703,drifting_gratings_presentations_7.0,drifting_gratings,228,5.641,6.897,0.147,42.5
ses-715093703,flashes_presentations_1.0,flashes,150,12.311,7.681,14.798,76.7
ses-715093703,gabors_presentations_0.0,gabors,3645,6.038,8.488,0.192,35.6
ses-715093703,natural_movie_one_presentations_4.0,natural_movie_one,8971,6.787,8.391,2.621,44.0
ses-715093703,natural_movie_one_presentations_12.0,natural_movie_one,8967,5.125,8.169,1.002,31.9
ses-715093703,natural_movie_three_presentations_3.0,natural_movie_three,17926,9.758,9.659,9.255,56.7
ses-715093703,natural_movie_three_presentations_6.0,natural_movie_three,17945,6.017,8.196,1.739,38.7
ses-715093703,natural_scenes_presentations_9.0,natural_scenes,1920,3.32,5.792,0.146,24.5
ses-715093703,natural_scenes_presentations_10.0,natural_scenes,1920,4.066,6.581,0.126,28.6
ses-715093703,natural_scenes_presentations_13.0,natural_scenes,2110,12.984,12.685,12.608,60.2
ses-715093703,spontaneous_presentations_spontaneous,spontaneous,15,6.906,6.119,4.011,46.7
ses-715093703,static_gratings_presentations_8.0,static_gratings,1920,7.438,8.013,3.731,48.5
ses-715093703,static_gratings_presentations_11.0,static_gratings,1920,2.07,4.851,0.07,15.9
ses-715093703,static_gratings_presentations_14.0,static_gratings,2160,5.743,7.792,0.29,37.8
ses-719161530,drifting_gratings_presentations_2.0,drifting_gratings,200,37.908,10.862,38.336,99.5
ses-719161530,drifting_gratings_presentations_5.0,drifting_gratings,200,15.437,16.414,10.503,53.0
ses-719161530,drifting_gratings_presentations_7.0,drifting_gratings,228,18.827,15.331,20.563,68.9
ses-719161530,flashes_presentations_1.0,flashes,150,27.657,16.948,30.488,85.3
ses-719161530,gabors_presentations_0.0,gabors,3645,22.267,20.814,20.035,64.8
ses-719161530,natural_movie_one_presentations_4.0,natural_movie_one,8946,19.051,25.541,1.524,43.1
ses-719161530,natural_movie_one_presentations_12.0,natural_movie_one,8938,15.097,23.017,1.487,40.1
ses-719161530,natural_movie_three_presentations_3.0,natural_movie_three,17887,19.628,25.176,3.283,47.5
ses-719161530,natural_movie_three_presentations_6.0,natural_movie_three,17895,19.997,23.8,6.543,51.5
ses-719161530,natural_scenes_presentations_9.0,natural_scenes,1920,22.211,20.703,20.299,64.3
ses-719161530,natural_scenes_presentations_10.0,natural_scenes,1920,7.834,14.534,0.103,27.9
ses-719161530,natural_scenes_presentations_13.0,natural_scenes,2110,4.729,11.507,0.063,18.0
ses-719161530,spontaneous_presentations_spontaneous,spontaneous,15,12.099,9.467,12.082,80.0
ses-719161530,static_gratings_presentations_8.0,static_gratings,1920,15.779,20.789,1.496,45.4
ses-719161530,static_gratings_presentations_11.0,static_gratings,1920,12.972,18.407,0.289,41.1
ses-719161530,static_gratings_presentations_14.0,static_gratings,2160,10.217,14.79,0.217,38.2
ses-721123822,drifting_gratings_presentations_2.0,drifting_gratings,200,17.31,17.75,10.849,54.0
ses-721123822,drifting_gratings_presentations_5.0,drifting_gratings,200,18.277,17.796,15.947,56.5
ses-721123822,drifting_gratings_presentations_7.0,drifting_gratings,228,8.5,13.449,0.042,33.3
ses-721123822,flashes_presentations_1.0,flashes,150,14.896,18.251,0.337,42.0
ses-721123822,gabors_presentations_0.0,gabors,3645,9.591,15.967,0.099,30.2
ses-721123822,natural_movie_one_presentations_4.0,natural_movie_one,8953,14.467,19.127,1.217,39.6
ses-721123822,natural_movie_one_presentations_12.0,natural_movie_one,8952,24.651,21.864,26.603,63.6
ses-721123822,natural_movie_three_presentations_3.0,natural_movie_three,17907,13.08,19.14,0.958,35.7
ses-721123822,natural_movie_three_presentations_6.0,natural_movie_three,17914,16.281,20.461,1.719,43.8
ses-721123822,natural_scenes_presentations_9.0,natural_scenes,1920,11.634,18.949,0.122,31.6
ses-721123822,natural_scenes_presentations_10.0,natural_scenes,1920,14.579,20.814,0.157,35.9
ses-721123822,natural_scenes_presentations_13.0,natural_scenes,2110,13.5,19.863,0.145,35.4
ses-721123822,spontaneous_presentations_spontaneous,spontaneous,15,9.839,12.117,4.26,46.7
ses-721123822,static_gratings_presentations_8.0,static_gratings,1920,16.114,19.976,0.396,44.1
ses-721123822,static_gratings_presentations_11.0,static_gratings,1920,14.35,20.436,0.147,36.3
ses-721123822,static_gratings_presentations_14.0,static_gratings,2160,11.174,17.967,0.094,30.6
ses-739448407,drifting_gratings_presentations_2.0,drifting_gratings,200,0.144,1.11,0.003,1.0
ses-739448407,drifting_gratings_presentations_5.0,drifting_gratings,200,0.005,0.05,0.003,0.0
ses-739448407,drifting_gratings_presentations_7.0,drifting_gratings,230,0.003,0.052,-0.002,0.0
ses-739448407,flashes_presentations_1.0,flashes,150,0.069,0.406,0.023,0.0
ses-739448407,gabors_presentations_0.0,gabors,3645,0.718,3.628,0.016,4.5
ses-739448407,natural_movie_one_presentations_4.0,natural_movie_one,8966,0.38,2.961,0.052,2.4
ses-739448407,natural_movie_one_presentations_12.0,natural_movie_one,8960,0.838,3.915,0.146,6.0
ses-739448407,natural_movie_three_presentations_3.0,natural_movie_three,17928,1.577,5.336,0.235,10.4
ses-739448407,natural_movie_three_presentations_6.0,natural_movie_three,17940,-0.001,1.61,-0.006,0.3
ses-739448407,natural_scenes_presentations_9.0,natural_scenes,1920,4.876,8.451,0.141,30.5
ses-739448407,natural_scenes_presentations_10.0,natural_scenes,1920,0.77,2.978,0.021,6.6
ses-739448407,natural_scenes_presentations_13.0,natural_scenes,2110,5.566,15.573,0.061,18.0
ses-739448407,spontaneous_presentations_spontaneous,spontaneous,15,0.398,0.882,0.004,0.0
ses-739448407,static_gratings_presentations_8.0,static_gratings,1920,0.046,0.478,0.007,0.1
ses-739448407,static_gratings_presentations_11.0,static_gratings,1920,0.498,2.728,0.006,3.6
ses-739448407,static_gratings_presentations_14.0,static_gratings,2160,6.0,16.145,0.075,18.0
ses-732592105,drifting_gratings_presentations_2.0,drifting_gratings,200,14.552,15.615,11.261,57.0
ses-732592105,drifting_gratings_presentations_5.0,drifting_gratings,200,8.393,12.786,0.08,34.5
ses-732592105,drifting_gratings_presentations_7.0,drifting_gratings,228,5.366,11.366,0.017,20.6
ses-732592105,flashes_presentations_1.0,flashes,150,1.938,6.599,0.022,10.7
ses-732592105,gabors_presentations_0.0,gabors,3645,6.247,15.109,0.061,18.1
ses-732592105,natural_movie_one_presentations_4.0,natural_movie_one,8921,11.53,19.541,0.834,31.0
ses-732592105,natural_movie_one_presentations_12.0,natural_movie_one,8960,10.434,20.026,0.658,26.4
ses-732592105,natural_movie_three_presentations_3.0,natural_movie_three,17897,26.092,26.574,22.107,58.2
ses-732592105,natural_movie_three_presentations_6.0,natural_movie_three,17761,17.0,23.519,2.201,44.5
ses-732592105,natural_scenes_presentations_9.0,natural_scenes,1920,23.256,24.384,14.952,54.0
ses-732592105,natural_scenes_presentations_10.0,natural_scenes,1920,15.151,21.729,0.206,38.2
ses-732592105,natural_scenes_presentations_13.0,natural_scenes,2110,20.018,21.613,13.859,55.8
ses-732592105,spontaneous_presentations_spontaneous,spontaneous,15,8.436,9.382,5.417,53.3
ses-732592105,static_gratings_presentations_8.0,static_gratings,1920,7.172,16.345,0.075,18.3
ses-732592105,static_gratings_presentations_11.0,static_gratings,1920,13.975,20.002,0.214,40.0
ses-732592105,static_gratings_presentations_14.0,static_gratings,2160,8.785,16.221,0.111,28.3
ses-737581020,drifting_gratings_presentations_2.0,drifting_gratings,200,29.26,8.726,31.343,99.5
ses-737581020,drifting_gratings_presentations_5.0,drifting_gratings,200,13.588,12.368,11.234,65.0
ses-737581020,drifting_gratings_presentations_7.0,drifting_gratings,230,18.259,12.99,18.791,77.0
ses-737581020,flashes_presentations_1.0,flashes,150,11.447,14.04,0.441,46.0
ses-737581020,gabors_presentations_0.0,gabors,3645,18.946,14.428,19.762,73.4
ses-737581020,natural_movie_one_presentations_4.0,natural_movie_one,8956,18.44,17.082,17.692,61.6
ses-737581020,natural_movie_one_presentations_12.0,natural_movie_one,8936,23.202,18.315,24.352,72.2
ses-737581020,natural_movie_three_presentations_3.0,natural_movie_three,17917,14.77,15.603,10.595,55.4
ses-737581020,natural_movie_three_presentations_6.0,natural_movie_three,17887,21.856,21.122,19.05,61.1
ses-737581020,natural_scenes_presentations_9.0,natural_scenes,1920,28.876,11.752,30.797,94.4
ses-737581020,natural_scenes_presentations_10.0,natural_scenes,1920,6.824,10.367,0.238,36.0
ses-737581020,natural_scenes_presentations_13.0,natural_scenes,2110,25.561,15.342,28.406,83.4
ses-737581020,spontaneous_presentations_spontaneous,spontaneous,15,20.75,9.53,20.375,93.3
ses-737581020,static_gratings_presentations_8.0,static_gratings,1920,27.592,13.488,31.577,88.0
ses-737581020,static_gratings_presentations_11.0,static_gratings,1920,13.504,13.148,10.599,62.3
ses-737581020,static_gratings_presentations_14.0,static_gratings,2160,21.582,19.486,23.188,61.8
ses-744228101,drifting_gratings_presentations_2.0,drifting_gratings,200,3.191,6.783,0.016,20.0
ses-744228101,drifting_gratings_presentations_5.0,drifting_gratings,200,3.56,4.505,0.445,34.0
ses-744228101,drifting_gratings_presentations_7.0,drifting_gratings,230,24.51,20.835,22.216,72.2
ses-744228101,flashes_presentations_1.0,flashes,150,0.944,3.511,0.041,7.3
ses-744228101,gabors_presentations_0.0,gabors,3645,0.524,2.641,0.017,3.5
ses-744228101,natural_movie_one_presentations_4.0,natural_movie_one,8975,2.47,5.816,0.438,17.3
ses-744228101,natural_movie_one_presentations_12.0,natural_movie_one,8985,1.181,4.176,0.232,8.8
ses-744228101,natural_movie_three_presentations_3.0,natural_movie_three,17946,0.578,3.445,0.098,4.3
ses-744228101,natural_movie_three_presentations_6.0,natural_movie_three,17896,28.57,23.736,26.998,72.1
ses-744228101,natural_scenes_presentations_9.0,natural_scenes,1920,0.73,2.428,0.031,6.1
ses-744228101,natural_scenes_presentations_10.0,natural_scenes,1920,0.613,2.488,0.031,4.8
ses-744228101,natural_scenes_presentations_13.0,natural_scenes,2110,0.893,2.949,0.03,7.3
ses-744228101,spontaneous_presentations_spontaneous,spontaneous,15,6.505,14.647,0.317,20.0
ses-744228101,static_gratings_presentations_8.0,static_gratings,1920,10.101,14.445,0.25,40.6
ses-744228101,static_gratings_presentations_11.0,static_gratings,1920,1.334,3.914,0.03,10.4
ses-744228101,static_gratings_presentations_14.0,static_gratings,2160,1.615,3.695,0.085,13.1
ses-754312389,drifting_gratings_presentations_2.0,drifting_gratings,200,1.378,3.293,0.009,13.5
ses-754312389,drifting_gratings_presentations_5.0,drifting_gratings,200,0.626,1.945,0.011,6.0
ses-754312389,drifting_gratings_presentations_7.0,drifting_gratings,230,1.591,3.122,0.021,17.4
ses-754312389,flashes_presentations_1.0,flashes,150,1.083,3.372,0.02,7.3
ses-754312389,gabors_presentations_0.0,gabors,3645,0.21,1.276,0.009,1.6
ses-754312389,natural_movie_one_presentations_4.0,natural_movie_one,8982,2.201,5.404,0.35,15.6
ses-754312389,natural_movie_one_presentations_12.0,natural_movie_one,8921,1.972,4.951,0.395,15.3
ses-754312389,natural_movie_three_presentations_3.0,natural_movie_three,17955,1.753,4.82,0.332,13.2
ses-754312389,natural_movie_three_presentations_6.0,natural_movie_three,17949,4.132,7.814,0.676,25.4
ses-754312389,natural_scenes_presentations_9.0,natural_scenes,1920,6.662,10.042,0.19,36.1
ses-754312389,natural_scenes_presentations_10.0,natural_scenes,1920,0.809,2.817,0.026,6.9
ses-754312389,natural_scenes_presentations_13.0,natural_scenes,2110,2.056,5.414,0.044,13.8
ses-754312389,spontaneous_presentations_spontaneous,spontaneous,15,1.575,3.223,0.134,6.7
ses-754312389,static_gratings_presentations_8.0,static_gratings,1920,5.749,7.848,0.175,37.7
ses-754312389,static_gratings_presentations_11.0,static_gratings,1920,1.918,4.888,0.059,13.5
ses-754312389,static_gratings_presentations_14.0,static_gratings,2160,1.521,3.774,0.047,13.3
ses-743475441,drifting_gratings_presentations_2.0,drifting_gratings,200,0.164,0.898,-0.001,1.5
ses-743475441,drifting_gratings_presentations_5.0,drifting_gratings,200,1.293,2.766,0.005,15.0
ses-743475441,drifting_gratings_presentations_7.0,drifting_gratings,230,-0.002,0.029,0.0,0.0
ses-743475441,flashes_presentations_1.0,flashes,150,-0.008,0.178,-0.002,0.0
ses-743475441,gabors_presentations_0.0,gabors,3645,1.05,3.595,0.023,8.3
ses-743475441,natural_movie_one_presentations_4.0,natural_movie_one,8977,0.354,2.161,0.071,3.3
ses-743475441,natural_movie_one_presentations_12.0,natural_movie_one,8979,0.995,3.717,0.187,8.0
ses-743475441,natural_movie_three_presentations_3.0,natural_movie_three,17950,0.982,3.392,0.189,8.7
ses-743475441,natural_movie_three_presentations_6.0,natural_movie_three,17942,3.607,6.376,0.771,26.5
ses-743475441,natural_scenes_presentations_9.0,natural_scenes,1920,0.578,2.177,0.017,5.6
ses-743475441,natural_scenes_presentations_10.0,natural_scenes,1920,0.998,2.908,0.028,9.5
ses-743475441,natural_scenes_presentations_13.0,natural_scenes,2110,1.657,3.786,0.057,15.2
ses-743475441,spontaneous_presentations_spontaneous,spontaneous,15,0.894,1.595,0.133,6.7
ses-743475441,static_gratings_presentations_8.0,static_gratings,1920,0.294,1.656,0.009,2.7
ses-743475441,static_gratings_presentations_11.0,static_gratings,1920,0.0,0.172,-0.004,0.0
ses-743475441,static_gratings_presentations_14.0,static_gratings,2160,1.417,3.418,0.055,13.0
ses-742951821,drifting_gratings_presentations_2.0,drifting_gratings,200,0.858,2.079,0.007,8.5
ses-742951821,drifting_gratings_presentations_5.0,drifting_gratings,200,0.418,1.191,0.003,2.0
ses-742951821,drifting_gratings_presentations_7.0,drifting_gratings,230,0.315,0.903,0.006,0.0
ses-742951821,flashes_presentations_1.0,flashes,150,0.35,1.34,0.017,3.3
ses-742951821,gabors_presentations_0.0,gabors,3645,0.247,1.24,0.017,1.7
ses-742951821,natural_movie_one_presentations_4.0,natural_movie_one,8978,0.396,2.189,0.085,3.7
ses-742951821,natural_movie_one_presentations_12.0,natural_movie_one,8977,0.228,1.889,0.081,2.1
ses-742951821,natural_movie_three_presentations_3.0,natural_movie_three,17952,0.179,1.734,0.046,1.6
ses-742951821,natural_movie_three_presentations_6.0,natural_movie_three,17954,0.256,1.836,0.076,2.1
ses-742951821,natural_scenes_presentations_9.0,natural_scenes,1920,0.37,1.334,0.029,2.5
ses-742951821,natural_scenes_presentations_10.0,natural_scenes,1920,0.384,1.493,0.018,2.7
ses-742951821,natural_scenes_presentations_13.0,natural_scenes,2110,1.454,3.409,0.071,12.7
ses-742951821,spontaneous_presentations_spontaneous,spontaneous,15,0.216,0.522,0.001,0.0
ses-742951821,static_gratings_presentations_8.0,static_gratings,1920,0.372,1.438,0.022,2.6
ses-742951821,static_gratings_presentations_11.0,static_gratings,1920,0.382,1.325,0.033,2.1
ses-742951821,static_gratings_presentations_14.0,static_gratings,2160,0.092,0.62,0.008,0.5
ses-750332458,drifting_gratings_presentations_2.0,drifting_gratings,200,36.334,16.738,38.137,93.0
ses-750332458,drifting_gratings_presentations_5.0,drifting_gratings,200,12.607,17.002,4.896,50.0
ses-750332458,drifting_gratings_presentations_7.0,drifting_gratings,230,0.076,0.428,0.004,0.0
ses-750332458,flashes_presentations_1.0,flashes,150,27.711,26.628,20.325,64.7
ses-750332458,gabors_presentations_0.0,gabors,3645,37.268,28.758,38.369,74.8
ses-750332458,natural_movie_one_presentations_4.0,natural_movie_one,8950,30.674,27.34,29.721,71.1
ses-750332458,natural_movie_one_presentations_12.0,natural_movie_one,8976,0.085,1.588,0.032,0.8
ses-750332458,natural_movie_three_presentations_3.0,natural_movie_three,17857,38.249,29.353,44.926,71.6
ses-750332458,natural_movie_three_presentations_6.0,natural_movie_three,17940,5.94,17.635,0.289,14.4
ses-750332458,natural_scenes_presentations_9.0,natural_scenes,1920,0.084,0.566,0.015,0.3
ses-750332458,natural_scenes_presentations_10.0,natural_scenes,1920,6.179,12.082,0.139,26.8
ses-750332458,natural_scenes_presentations_13.0,natural_scenes,2110,3.051,10.274,0.049,11.2
ses-750332458,spontaneous_presentations_spontaneous,spontaneous,15,19.039,20.034,9.469,53.3
ses-750332458,static_gratings_presentations_8.0,static_gratings,1920,0.916,2.687,0.054,7.0
ses-750332458,static_gratings_presentations_11.0,static_gratings,1920,34.126,29.244,35.766,67.3
ses-750332458,static_gratings_presentations_14.0,static_gratings,2160,19.959,30.039,0.174,35.6
ses-750749662,drifting_gratings_presentations_2.0,drifting_gratings,200,22.521,12.486,25.513,83.0
ses-750749662,drifting_gratings_presentations_5.0,drifting_gratings,200,2.201,6.008,0.008,12.5
ses-750749662,drifting_gratings_presentations_7.0,drifting_gratings,230,8.693,10.619,0.332,45.7
ses-750749662,flashes_presentations_1.0,flashes,150,14.817,16.051,10.422,56.0
ses-750749662,gabors_presentations_0.0,gabors,3645,4.218,9.396,0.065,20.5
ses-750749662,natural_movie_one_presentations_4.0,natural_movie_one,8963,19.617,21.335,13.189,55.4
ses-750749662,natural_movie_one_presentations_12.0,natural_movie_one,8954,21.486,19.567,21.115,64.8
ses-750749662,natural_movie_three_presentations_3.0,natural_movie_three,17922,18.313,19.461,12.749,57.6
ses-750749662,natural_movie_three_presentations_6.0,natural_movie_three,17952,1.473,5.458,0.166,8.5
ses-750749662,natural_scenes_presentations_9.0,natural_scenes,1920,12.777,13.879,7.107,51.2
ses-750749662,natural_scenes_presentations_10.0,natural_scenes,1920,0.265,2.013,0.008,1.7
ses-750749662,natural_scenes_presentations_13.0,natural_scenes,2110,8.971,15.182,0.128,30.7
ses-750749662,spontaneous_presentations_spontaneous,spontaneous,15,8.042,8.39,6.1,53.3
ses-750749662,static_gratings_presentations_8.0,static_gratings,1920,5.475,10.027,0.095,26.4
ses-750749662,static_gratings_presentations_11.0,static_gratings,1920,12.121,15.494,2.083,46.1
ses-750749662,static_gratings_presentations_14.0,static_gratings,2160,9.419,13.52,0.19,38.3
ses-746083955,drifting_gratings_presentations_2.0,drifting_gratings,200,1.325,3.564,0.011,10.5
ses-746083955,drifting_gratings_presentations_5.0,drifting_gratings,200,1.353,3.422,0.028,10.5
ses-746083955,drifting_gratings_presentations_7.0,drifting_gratings,230,6.352,7.565,3.06,43.5
ses-746083955,flashes_presentations_1.0,flashes,150,1.664,4.864,0.047,11.3
ses-746083955,gabors_presentations_0.0,gabors,3645,3.59,7.352,0.095,21.2
ses-746083955,natural_movie_one_presentations_4.0,natural_movie_one,8978,2.348,6.382,0.338,13.6
ses-746083955,natural_movie_one_presentations_12.0,natural_movie_one,8959,14.896,13.777,13.375,63.1
ses-746083955,natural_movie_three_presentations_3.0,natural_movie_three,17958,2.077,5.929,0.3,12.7
ses-746083955,natural_movie_three_presentations_6.0,natural_movie_three,17945,5.198,9.201,0.987,28.5
ses-746083955,natural_scenes_presentations_9.0,natural_scenes,1920,10.514,13.173,3.132,46.6
ses-746083955,natural_scenes_presentations_10.0,natural_scenes,1920,6.418,10.102,0.254,34.0
ses-746083955,natural_scenes_presentations_13.0,natural_scenes,2110,9.158,12.725,0.7,40.3
ses-746083955,spontaneous_presentations_spontaneous,spontaneous,15,5.551,4.703,4.517,46.7
ses-746083955,static_gratings_presentations_8.0,static_gratings,1920,6.837,11.318,0.196,31.5
ses-746083955,static_gratings_presentations_11.0,static_gratings,1920,7.581,10.74,0.373,38.5
ses-746083955,static_gratings_presentations_14.0,static_gratings,2160,2.768,6.6,0.086,16.4
ses-754829445,drifting_gratings_presentations_2.0,drifting_gratings,200,0.999,1.641,0.035,2.0
ses-754829445,drifting_gratings_presentations_5.0,drifting_gratings,200,1.355,1.817,0.361,5.5
ses-754829445,drifting_gratings_presentations_7.0,drifting_gratings,230,1.439,1.998,0.178,5.7
ses-754829445,flashes_presentations_1.0,flashes,150,3.867,4.869,0.908,34.7
ses-754829445,gabors_presentations_0.0,gabors,3645,1.815,3.69,0.092,15.5
ses-754829445,natural_movie_one_presentations_4.0,natural_movie_one,8978,3.068,5.583,0.937,23.5
ses-754829445,natural_movie_one_presentations_12.0,natural_movie_one,8987,1.967,4.333,0.661,17.0
ses-754829445,natural_movie_three_presentations_3.0,natural_movie_three,17964,4.438,6.268,1.79,34.7
ses-754829445,natural_movie_three_presentations_6.0,natural_movie_three,17970,2.53,4.837,0.794,21.0
ses-754829445,natural_scenes_presentations_9.0,natural_scenes,1920,2.944,4.456,0.257,25.4
ses-754829445,natural_scenes_presentations_10.0,natural_scenes,1920,3.465,4.738,0.627,31.1
ses-754829445,natural_scenes_presentations_13.0,natural_scenes,2110,0.578,1.935,0.051,4.8
ses-754829445,spontaneous_presentations_spontaneous,spontaneous,15,1.933,1.598,1.415,6.7
ses-754829445,static_gratings_presentations_8.0,static_gratings,1920,2.637,4.06,0.243,22.3
ses-754829445,static_gratings_presentations_11.0,static_gratings,1920,1.951,4.031,0.087,17.3
ses-754829445,static_gratings_presentations_14.0,static_gratings,2160,0.366,1.632,0.013,3.1
ses-757970808,drifting_gratings_presentations_2.0,drifting_gratings,200,0.484,1.379,0.002,2.5
ses-757970808,drifting_gratings_presentations_5.0,drifting_gratings,200,0.151,0.852,0.0,1.5
ses-757970808,drifting_gratings_presentations_7.0,drifting_gratings,230,0.29,1.099,0.004,2.6
ses-757970808,flashes_presentations_1.0,flashes,150,2.502,5.256,0.084,18.7
ses-757970808,gabors_presentations_0.0,gabors,3645,4.427,6.483,0.201,33.4
ses-757970808,natural_movie_one_presentations_4.0,natural_movie_one,8981,2.093,5.058,0.473,17.6
ses-757970808,natural_movie_one_presentations_12.0,natural_movie_one,8986,2.297,5.617,0.609,18.7
ses-757970808,natural_movie_three_presentations_3.0,natural_movie_three,17962,2.294,5.142,0.522,19.0
ses-757970808,natural_movie_three_presentations_6.0,natural_movie_three,17950,2.202,5.348,0.495,17.4
ses-757970808,natural_scenes_presentations_9.0,natural_scenes,1920,0.002,0.2,0.001,0.0
ses-757970808,natural_scenes_presentations_10.0,natural_scenes,1920,1.07,3.044,0.041,9.8
ses-757970808,natural_scenes_presentations_13.0,natural_scenes,2110,0.384,1.898,0.014,3.3
ses-757970808,spontaneous_presentations_spontaneous,spontaneous,15,1.246,1.943,0.026,6.7
ses-757970808,static_gratings_presentations_8.0,static_gratings,1920,0.407,1.776,0.016,3.6
ses-757970808,static_gratings_presentations_11.0,static_gratings,1920,0.209,1.309,0.006,1.8
ses-757970808,static_gratings_presentations_14.0,static_gratings,2160,0.612,2.435,0.019,5.4
ses-755434585,drifting_gratings_presentations_2.0,drifting_gratings,200,6.736,8.915,1.008,41.0
ses-755434585,drifting_gratings_presentations_5.0,drifting_gratings,200,0.925,2.251,0.008,9.5
ses-755434585,drifting_gratings_presentations_7.0,drifting_gratings,230,0.256,0.937,0.005,1.7
ses-755434585,flashes_presentations_1.0,flashes,150,-0.019,0.15,-0.013,0.0
ses-755434585,gabors_presentations_0.0,gabors,3645,14.757,19.566,1.984,45.6
ses-755434585,natural_movie_one_presentations_4.0,natural_movie_one,8972,0.91,4.389,0.121,5.6
ses-755434585,natural_movie_one_presentations_12.0,natural_movie_one,8971,19.539,17.749,18.591,65.0
ses-755434585,natural_movie_three_presentations_3.0,natural_movie_three,17943,12.727,16.036,2.904,46.2
ses-755434585,natural_movie_three_presentations_6.0,natural_movie_three,17946,8.822,12.771,1.635,39.7
ses-755434585,natural_scenes_presentations_9.0,natural_scenes,1920,0.002,0.173,-0.005,0.0
ses-755434585,natural_scenes_presentations_10.0,natural_scenes,1920,0.468,2.131,0.024,4.2
ses-755434585,natural_scenes_presentations_13.0,natural_scenes,2110,46.398,19.93,49.063,95.3
ses-755434585,spontaneous_presentations_spontaneous,spontaneous,15,6.271,11.535,0.209,20.0
ses-755434585,static_gratings_presentations_8.0,static_gratings,1920,0.001,0.212,0.001,0.0
ses-755434585,static_gratings_presentations_11.0,static_gratings,1920,2.653,6.85,0.075,16.2
ses-755434585,static_gratings_presentations_14.0,static_gratings,2160,13.782,20.377,0.312,39.6
ses-751348571,drifting_gratings_presentations_2.0,drifting_gratings,200,6.139,4.289,6.135,60.5
ses-751348571,drifting_gratings_presentations_5.0,drifting_gratings,200,9.215,3.932,10.026,84.5
ses-751348571,drifting_gratings_presentations_7.0,drifting_gratings,230,9.642,3.814,10.194,85.7
ses-751348571,flashes_presentations_1.0,flashes,150,10.731,6.876,10.786,75.3
ses-751348571,gabors_presentations_0.0,gabors,3645,10.161,7.461,9.632,71.9
ses-751348571,natural_movie_one_presentations_4.0,natural_movie_one,8976,7.484,8.001,4.997,50.0
ses-751348571,natural_movie_one_presentations_12.0,natural_movie_one,8976,0.021,1.532,0.004,0.7
ses-751348571,natural_movie_three_presentations_3.0,natural_movie_three,17950,4.71,7.229,1.565,31.6
ses-751348571,natural_movie_three_presentations_6.0,natural_movie_three,17954,8.743,7.672,8.201,63.0
ses-751348571,natural_scenes_presentations_9.0,natural_scenes,1920,3.693,5.746,0.61,29.7
ses-751348571,natural_scenes_presentations_10.0,natural_scenes,1920,0.191,1.4,0.02,1.9
ses-751348571,natural_scenes_presentations_13.0,natural_scenes,2110,-0.001,0.226,0.003,0.0
ses-751348571,spontaneous_presentations_spontaneous,spontaneous,15,4.726,3.744,5.878,53.3
ses-751348571,static_gratings_presentations_8.0,static_gratings,1920,5.007,5.698,2.537,39.2
ses-751348571,static_gratings_presentations_11.0,static_gratings,1920,0.022,0.714,-0.001,0.4
ses-751348571,static_gratings_presentations_14.0,static_gratings,2160,0.005,0.489,0.001,0.1
ses-757216464,drifting_gratings_presentations_2.0,drifting_gratings,200,3.568,5.009,0.292,27.5
ses-757216464,drifting_gratings_presentations_5.0,drifting_gratings,200,2.11,4.174,0.018,20.5
ses-757216464,drifting_gratings_presentations_7.0,drifting_gratings,230,8.045,6.125,8.436,67.8
ses-757216464,flashes_presentations_1.0,flashes,150,5.036,5.724,2.436,44.7
ses-757216464,gabors_presentations_0.0,gabors,3645,5.999,5.318,5.851,53.2
ses-757216464,natural_movie_one_presentations_4.0,natural_movie_one,8977,4.878,6.68,1.5,37.9
ses-757216464,natural_movie_one_presentations_12.0,natural_movie_one,8981,2.789,5.38,0.83,23.7
ses-757216464,natural_movie_three_presentations_3.0,natural_movie_three,17963,3.297,6.095,0.693,25.1
ses-757216464,natural_movie_three_presentations_6.0,natural_movie_three,17965,1.149,4.076,0.175,8.9
ses-757216464,natural_scenes_presentations_9.0,natural_scenes,1920,11.719,6.882,11.671,82.0
ses-757216464,natural_scenes_presentations_10.0,natural_scenes,1920,6.477,5.663,5.867,54.7
ses-757216464,natural_scenes_presentations_13.0,natural_scenes,2110,3.651,4.303,1.877,33.7
ses-757216464,spontaneous_presentations_spontaneous,spontaneous,15,7.686,4.972,7.209,73.3
ses-757216464,static_gratings_presentations_8.0,static_gratings,1920,12.665,6.916,12.562,88.1
ses-757216464,static_gratings_presentations_11.0,static_gratings,1920,4.471,4.82,3.055,40.1
ses-757216464,static_gratings_presentations_14.0,static_gratings,2160,3.07,4.69,0.292,26.1
ses-756029989,drifting_gratings_presentations_2.0,drifting_gratings,200,4.166,7.607,0.02,25.0
ses-756029989,drifting_gratings_presentations_5.0,drifting_gratings,200,11.736,15.39,1.156,44.0
ses-756029989,drifting_gratings_presentations_7.0,drifting_gratings,230,14.366,18.632,2.157,45.7
ses-756029989,flashes_presentations_1.0,flashes,150,11.303,16.312,0.191,37.3
ses-756029989,gabors_presentations_0.0,gabors,3645,13.871,18.1,0.46,44.9
ses-756029989,natural_movie_one_presentations_4.0,natural_movie_one,8957,19.236,23.187,3.904,49.1
ses-756029989,natural_movie_one_presentations_12.0,natural_movie_one,8940,29.877,28.348,27.2,61.6
ses-756029989,natural_movie_three_presentations_3.0,natural_movie_three,17901,27.009,21.675,29.158,70.8
ses-756029989,natural_movie_three_presentations_6.0,natural_movie_three,17891,32.14,23.801,34.184,77.6
ses-756029989,natural_scenes_presentations_9.0,natural_scenes,1920,28.43,24.948,27.03,68.3
ses-756029989,natural_scenes_presentations_10.0,natural_scenes,1920,20.47,24.287,4.18,49.4
ses-756029989,natural_scenes_presentations_13.0,natural_scenes,2110,16.243,24.07,0.305,41.8
ses-756029989,spontaneous_presentations_spontaneous,spontaneous,15,13.635,14.112,8.339,60.0
ses-756029989,static_gratings_presentations_8.0,static_gratings,1920,9.666,16.339,0.148,31.7
ses-756029989,static_gratings_presentations_11.0,static_gratings,1920,22.247,23.722,15.054,57.3
ses-756029989,static_gratings_presentations_14.0,static_gratings,2160,5.972,14.339,0.061,19.4
ses-758798717,drifting_gratings_presentations_2.0,drifting_gratings,200,34.962,18.212,36.277,91.0
ses-758798717,drifting_gratings_presentations_5.0,drifting_gratings,200,29.513,19.859,33.191,77.0
ses-758798717,drifting_gratings_presentations_7.0,drifting_gratings,230,26.799,22.424,26.697,70.9
ses-758798717,flashes_presentations_1.0,flashes,150,38.569,28.484,40.992,78.0
ses-758798717,gabors_presentations_0.0,gabors,3645,29.465,24.916,29.003,70.9
ses-758798717,natural_movie_one_presentations_4.0,natural_movie_one,8935,30.368,32.497,16.883,54.7
ses-758798717,natural_movie_one_presentations_12.0,natural_movie_one,8942,29.91,31.066,22.618,58.7
ses-758798717,natural_movie_three_presentations_3.0,natural_movie_three,17878,34.119,31.434,31.743,64.3
ses-758798717,natural_movie_three_presentations_6.0,natural_movie_three,17896,30.287,30.157,24.533,58.9
ses-758798717,natural_scenes_presentations_9.0,natural_scenes,1920,36.783,27.824,44.061,71.5
ses-758798717,natural_scenes_presentations_10.0,natural_scenes,1920,35.161,26.855,39.821,73.2
ses-758798717,natural_scenes_presentations_13.0,natural_scenes,2110,34.842,27.714,38.853,70.8
ses-758798717,spontaneous_presentations_spontaneous,spontaneous,15,31.85,7.921,30.656,100.0
ses-758798717,static_gratings_presentations_8.0,static_gratings,1920,34.184,29.19,40.635,64.7
ses-758798717,static_gratings_presentations_11.0,static_gratings,1920,35.909,28.887,43.653,68.1
ses-758798717,static_gratings_presentations_14.0,static_gratings,2160,36.551,31.459,43.552,64.6
ses-760693773,drifting_gratings_presentations_2.0,drifting_gratings,200,46.441,18.766,50.187,98.0
ses-760693773,drifting_gratings_presentations_5.0,drifting_gratings,200,28.149,25.847,21.917,68.5
ses-760693773,drifting_gratings_presentations_7.0,drifting_gratings,230,23.836,25.625,15.147,60.0
ses-760693773,flashes_presentations_1.0,flashes,150,45.71,30.726,51.805,82.0
ses-760693773,gabors_presentations_0.0,gabors,3645,45.774,29.207,48.801,86.7
ses-760693773,natural_movie_one_presentations_4.0,natural_movie_one,8948,27.234,28.99,18.667,62.2
ses-760693773,natural_movie_one_presentations_12.0,natural_movie_one,8939,33.334,30.89,30.125,68.7
ses-760693773,natural_movie_three_presentations_3.0,natural_movie_three,17864,32.912,33.086,24.415,62.5
ses-760693773,natural_movie_three_presentations_6.0,natural_movie_three,17879,37.539,31.326,37.133,74.6
ses-760693773,natural_scenes_presentations_9.0,natural_scenes,1920,43.191,27.837,47.914,86.0
ses-760693773,natural_scenes_presentations_10.0,natural_scenes,1920,41.522,29.632,42.323,83.5
ses-760693773,natural_scenes_presentations_13.0,natural_scenes,2110,36.601,34.685,35.7,68.0
ses-760693773,spontaneous_presentations_spontaneous,spontaneous,15,40.049,17.748,39.114,100.0
ses-760693773,static_gratings_presentations_8.0,static_gratings,1920,36.886,29.581,39.642,73.8
ses-760693773,static_gratings_presentations_11.0,static_gratings,1920,34.264,34.396,23.972,58.4
ses-760693773,static_gratings_presentations_14.0,static_gratings,2160,38.422,31.204,44.835,70.0
ses-760345702,drifting_gratings_presentations_2.0,drifting_gratings,200,-0.001,0.037,-0.002,0.0
ses-760345702,drifting_gratings_presentations_5.0,drifting_gratings,200,0.965,3.382,0.003,8.0
ses-760345702,drifting_gratings_presentations_7.0,drifting_gratings,230,15.544,10.077,16.425,79.1
ses-760345702,flashes_presentations_1.0,flashes,150,-0.017,0.169,-0.021,0.0
ses-760345702,gabors_presentations_0.0,gabors,3645,1.396,4.924,0.017,8.2
ses-760345702,natural_movie_one_presentations_4.0,natural_movie_one,8982,4.128,7.432,0.707,26.7
ses-760345702,natural_movie_one_presentations_12.0,natural_movie_one,8913,50.455,25.661,52.199,93.5
ses-760345702,natural_movie_three_presentations_3.0,natural_movie_three,17956,1.988,5.508,0.274,13.3
ses-760345702,natural_movie_three_presentations_6.0,natural_movie_three,17940,0.359,2.831,0.055,2.3
ses-760345702,natural_scenes_presentations_9.0,natural_scenes,1920,42.955,8.824,43.349,99.8
ses-760345702,natural_scenes_presentations_10.0,natural_scenes,1920,46.088,18.904,47.649,97.0
ses-760345702,natural_scenes_presentations_13.0,natural_scenes,2110,56.566,19.322,61.46,97.4
ses-760345702,spontaneous_presentations_spontaneous,spontaneous,15,15.811,18.448,6.194,53.3
ses-760345702,static_gratings_presentations_8.0,static_gratings,1920,26.431,15.462,29.781,84.8
ses-760345702,static_gratings_presentations_11.0,static_gratings,1920,46.85,24.033,53.33,87.2
ses-760345702,static_gratings_presentations_14.0,static_gratings,2160,56.858,17.916,60.771,97.6
ses-759883607,drifting_gratings_presentations_2.0,drifting_gratings,200,1.423,4.187,0.008,11.5
ses-759883607,drifting_gratings_presentations_5.0,drifting_gratings,200,0.308,1.532,0.003,3.0
ses-759883607,drifting_gratings_presentations_7.0,drifting_gratings,230,0.372,1.607,0.002,3.0
ses-759883607,flashes_presentations_1.0,flashes,150,-0.005,0.193,0.001,0.0
ses-759883607,gabors_presentations_0.0,gabors,3645,11.53,14.851,1.807,47.1
ses-759883607,natural_movie_one_presentations_4.0,natural_movie_one,8974,0.007,1.497,0.007,0.2
ses-759883607,natural_movie_one_presentations_12.0,natural_movie_one,8946,39.981,12.686,41.063,99.6
ses-759883607,natural_movie_three_presentations_3.0,natural_movie_three,17954,0.001,1.508,-0.012,0.2
ses-759883607,natural_movie_three_presentations_6.0,natural_movie_three,17954,0.85,4.115,0.093,6.2
ses-759883607,natural_scenes_presentations_9.0,natural_scenes,1920,3.753,6.527,0.111,26.9
ses-759883607,natural_scenes_presentations_10.0,natural_scenes,1920,20.82,16.583,19.965,74.7
ses-759883607,natural_scenes_presentations_13.0,natural_scenes,2110,33.845,9.558,33.169,100.0
ses-759883607,spontaneous_presentations_spontaneous,spontaneous,15,11.083,14.508,0.077,40.0
ses-759883607,static_gratings_presentations_8.0,static_gratings,1920,2.276,4.925,0.095,19.1
ses-759883607,static_gratings_presentations_11.0,static_gratings,1920,31.818,9.962,31.946,99.3
ses-759883607,static_gratings_presentations_14.0,static_gratings,2160,30.264,9.538,30.483,99.7
ses-763673393,drifting_gratings_contrast_presentations_15.0,drifting_gratings_contrast,540,1.794,4.193,0.036,14.6
ses-763673393,drifting_gratings_presentations_2.0,drifting_gratings,200,1.471,3.365,0.013,15.5
ses-763673393,drifting_gratings_presentations_5.0,drifting_gratings,200,0.006,0.038,0.006,0.0
ses-763673393,drifting_gratings_presentations_7.0,drifting_gratings,230,3.21,5.318,0.019,28.3
ses-763673393,flashes_presentations_1.0,flashes,150,0.014,0.246,0.011,0.0
ses-763673393,gabors_presentations_0.0,gabors,3645,2.092,4.963,0.062,15.5
ses-763673393,natural_movie_one_presentations_4.0,natural_movie_one,8986,0.645,3.232,0.107,5.0
ses-763673393,natural_movie_one_presentations_12.0,natural_movie_one,8980,-0.004,1.333,-0.019,0.1
ses-763673393,natural_movie_three_presentations_3.0,natural_movie_three,17961,1.546,4.952,0.266,10.8
ses-763673393,natural_movie_three_presentations_6.0,natural_movie_three,17946,2.158,6.02,0.306,13.6
ses-763673393,natural_scenes_presentations_9.0,natural_scenes,1920,5.905,8.246,0.192,36.6
ses-763673393,natural_scenes_presentations_10.0,natural_scenes,1920,0.02,0.451,0.007,0.2
ses-763673393,natural_scenes_presentations_13.0,natural_scenes,2110,0.002,0.273,0.0,0.0
ses-763673393,spontaneous_presentations_spontaneous,spontaneous,16,2.057,3.455,0.017,18.8
ses-763673393,static_gratings_presentations_8.0,static_gratings,1920,3.77,6.74,0.107,25.4
ses-763673393,static_gratings_presentations_11.0,static_gratings,1920,1.37,4.156,0.04,10.1
ses-763673393,static_gratings_presentations_14.0,static_gratings,2160,-0.001,0.182,-0.001,0.0
ses-761418226,drifting_gratings_contrast_presentations_15.0,drifting_gratings_contrast,540,45.529,10.58,46.583,99.1
ses-761418226,drifting_gratings_presentations_2.0,drifting_gratings,200,0.526,1.697,0.004,5.5
ses-761418226,drifting_gratings_presentations_5.0,drifting_gratings,200,2.136,3.63,0.023,18.5
ses-761418226,drifting_gratings_presentations_7.0,drifting_gratings,230,2.354,4.638,0.026,18.3
ses-761418226,flashes_presentations_1.0,flashes,150,0.406,1.681,0.039,3.3
ses-761418226,gabors_presentations_0.0,gabors,3645,0.37,1.69,0.02,2.8
ses-761418226,natural_movie_one_presentations_4.0,natural_movie_one,8979,0.746,2.884,0.19,6.2
ses-761418226,natural_movie_one_presentations_12.0,natural_movie_one,8918,49.394,17.554,52.46,98.5
ses-761418226,natural_movie_three_presentations_3.0,natural_movie_three,17950,0.073,1.521,0.02,0.6
ses-761418226,natural_movie_three_presentations_6.0,natural_movie_three,17947,1.281,3.67,0.313,10.7
ses-761418226,natural_scenes_presentations_9.0,natural_scenes,1920,36.378,14.224,35.841,98.6
ses-761418226,natural_scenes_presentations_10.0,natural_scenes,1920,51.989,14.92,54.506,99.5
ses-761418226,natural_scenes_presentations_13.0,natural_scenes,2110,66.567,11.846,68.907,99.9
ses-761418226,spontaneous_presentations_spontaneous,spontaneous,16,22.233,26.07,4.584,50.0
ses-761418226,static_gratings_presentations_8.0,static_gratings,1920,2.823,5.754,0.096,20.1
ses-761418226,static_gratings_presentations_11.0,static_gratings,1920,45.016,17.641,47.966,97.2
ses-761418226,static_gratings_presentations_14.0,static_gratings,2160,56.128,15.258,58.591,99.4
ses-762602078,drifting_gratings_contrast_presentations_15.0,drifting_gratings_contrast,540,50.363,19.803,55.301,97.4
ses-762602078,drifting_gratings_presentations_2.0,drifting_gratings,200,16.545,3.12,16.872,100.0
ses-762602078,drifting_gratings_presentations_5.0,drifting_gratings,200,14.616,7.043,15.368,88.0
ses-762602078,drifting_gratings_presentations_7.0,drifting_gratings,230,36.117,12.826,37.486,97.8
ses-762602078,flashes_presentations_1.0,flashes,150,15.248,5.866,15.686,95.3
ses-762602078,gabors_presentations_0.0,gabors,3645,18.141,6.118,18.836,96.4
ses-762602078,natural_movie_one_presentations_4.0,natural_movie_one,8971,16.341,9.668,16.302,85.5
ses-762602078,natural_movie_one_presentations_12.0,natural_movie_one,8908,54.091,28.469,62.456,90.9
ses-762602078,natural_movie_three_presentations_3.0,natural_movie_three,17925,19.071,8.965,19.674,92.1
ses-762602078,natural_movie_three_presentations_6.0,natural_movie_three,17903,28.999,17.495,30.202,88.0
ses-762602078,natural_scenes_presentations_9.0,natural_scenes,1920,43.96,18.072,46.331,97.8
ses-762602078,natural_scenes_presentations_10.0,natural_scenes,1920,54.109,21.325,58.608,97.4
ses-762602078,natural_scenes_presentations_13.0,natural_scenes,2110,42.14,24.639,46.164,89.1
ses-762602078,spontaneous_presentations_spontaneous,spontaneous,16,29.716,17.29,18.188,100.0
ses-762602078,static_gratings_presentations_8.0,static_gratings,1920,38.294,19.707,39.969,94.2
ses-762602078,static_gratings_presentations_11.0,static_gratings,1920,50.421,22.453,55.415,93.8
ses-762602078,static_gratings_presentations_14.0,static_gratings,2160,58.334,22.498,65.148,96.2
ses-762120172,drifting_gratings_contrast_presentations_15.0,drifting_gratings_contrast,540,10.167,14.668,1.099,40.7
ses-762120172,drifting_gratings_presentations_2.0,drifting_gratings,200,6.569,8.558,0.823,39.0
ses-762120172,drifting_gratings_presentations_5.0,drifting_gratings,200,2.87,5.526,0.127,21.0
ses-762120172,drifting_gratings_presentations_7.0,drifting_gratings,230,2.656,5.891,0.043,17.8
ses-762120172,flashes_presentations_1.0,flashes,150,2.237,5.381,0.099,14.0
ses-762120172,gabors_presentations_0.0,gabors,3645,0.662,2.155,0.041,5.3
ses-762120172,natural_movie_one_presentations_4.0,natural_movie_one,8979,6.961,11.787,1.378,33.3
ses-762120172,natural_movie_one_presentations_12.0,natural_movie_one,8954,21.612,29.723,5.755,51.1
ses-762120172,natural_movie_three_presentations_3.0,natural_movie_three,17957,2.329,5.696,0.608,14.9
ses-762120172,natural_movie_three_presentations_6.0,natural_movie_three,17878,39.429,33.804,35.882,73.7
ses-762120172,natural_scenes_presentations_9.0,natural_scenes,1920,25.243,30.191,12.124,58.6
ses-762120172,natural_scenes_presentations_10.0,natural_scenes,1920,29.698,37.131,9.672,56.0
ses-762120172,natural_scenes_presentations_13.0,natural_scenes,2110,10.337,20.818,0.307,32.7
ses-762120172,spontaneous_presentations_spontaneous,spontaneous,16,15.482,20.069,6.348,50.0
ses-762120172,static_gratings_presentations_8.0,static_gratings,1920,30.683,28.609,23.637,70.9
ses-762120172,static_gratings_presentations_11.0,static_gratings,1920,35.926,30.918,26.887,80.2
ses-762120172,static_gratings_presentations_14.0,static_gratings,2160,8.124,18.214,0.222,28.1
ses-773418906,drifting_gratings_presentations_2.0,drifting_gratings,200,0.324,1.842,0.004,2.0
ses-773418906,drifting_gratings_presentations_5.0,drifting_gratings,200,0.074,0.465,0.008,0.0
ses-773418906,drifting_gratings_presentations_7.0,drifting_gratings,230,0.124,0.754,0.003,0.9
ses-773418906,flashes_presentations_1.0,flashes,150,3.254,9.384,0.051,13.3
ses-773418906,gabors_presentations_0.0,gabors,3645,43.121,21.17,50.839,89.7
ses-773418906,natural_movie_one_presentations_4.0,natural_movie_one,8979,0.441,2.774,0.112,3.8
ses-773418906,natural_movie_one_presentations_12.0,natural_movie_one,8981,1.821,6.694,0.155,8.8
ses-773418906,natural_movie_three_presentations_3.0,natural_movie_three,17945,0.373,2.906,0.056,3.1
ses-773418906,natural_movie_three_presentations_6.0,natural_movie_three,17944,0.941,4.162,0.123,6.9
ses-773418906,natural_scenes_presentations_9.0,natural_scenes,1920,3.666,9.07,0.055,16.5
ses-773418906,natural_scenes_presentations_10.0,natural_scenes,1920,0.082,0.982,0.003,0.5
ses-773418906,natural_scenes_presentations_13.0,natural_scenes,2110,1.271,4.686,0.026,7.8
ses-773418906,spontaneous_presentations_spontaneous,spontaneous,15,3.866,10.135,0.013,13.3
ses-773418906,static_gratings_presentations_8.0,static_gratings,1920,1.264,4.686,0.027,8.0
ses-773418906,static_gratings_presentations_11.0,static_gratings,1920,0.867,3.802,0.021,6.2
ses-773418906,static_gratings_presentations_14.0,static_gratings,2160,33.979,23.147,38.855,77.4
ses-791319847,drifting_gratings_contrast_presentations_15.0,drifting_gratings_contrast,540,10.314,11.689,6.0,52.4
ses-791319847,drifting_gratings_presentations_2.0,drifting_gratings,200,5.206,8.159,0.028,32.5
ses-791319847,drifting_gratings_presentations_5.0,drifting_gratings,200,8.045,13.113,0.032,36.0
ses-791319847,drifting_gratings_presentations_7.0,drifting_gratings,230,7.618,10.919,0.043,40.9
ses-791319847,flashes_presentations_1.0,flashes,150,5.385,9.081,0.194,30.0
ses-791319847,gabors_presentations_0.0,gabors,3645,2.179,5.071,0.054,16.5
ses-791319847,natural_movie_one_presentations_4.0,natural_movie_one,8970,6.985,11.784,0.954,32.5
ses-791319847,natural_movie_one_presentations_12.0,natural_movie_one,8965,15.323,18.519,7.735,52.3
ses-791319847,natural_movie_three_presentations_3.0,natural_movie_three,17962,5.422,9.951,0.779,28.3
ses-791319847,natural_movie_three_presentations_6.0,natural_movie_three,17934,14.935,16.672,10.313,57.3
ses-791319847,natural_scenes_presentations_9.0,natural_scenes,1920,5.266,10.348,0.105,25.1
ses-791319847,natural_scenes_presentations_10.0,natural_scenes,1920,10.026,12.686,1.268,46.7
ses-791319847,natural_scenes_presentations_13.0,natural_scenes,2110,14.34,15.506,11.061,59.6
ses-791319847,spontaneous_presentations_spontaneous,spontaneous,16,8.112,4.672,9.044,75.0
ses-791319847,static_gratings_presentations_8.0,static_gratings,1920,3.61,7.145,0.077,22.4
ses-791319847,static_gratings_presentations_11.0,static_gratings,1920,11.36,16.334,0.265,43.4
ses-791319847,static_gratings_presentations_14.0,static_gratings,2160,17.877,16.179,16.315,70.2
ses-799864342,drifting_gratings_contrast_presentations_15.0,drifting_gratings_contrast,540,0.516,2.208,0.014,4.4
ses-799864342,drifting_gratings_presentations_2.0,drifting_gratings,200,0.293,1.05,0.005,1.0
ses-799864342,drifting_gratings_presentations_5.0,drifting_gratings,200,0.894,2.766,0.016,7.0
ses-799864342,drifting_gratings_presentations_7.0,drifting_gratings,230,2.043,5.124,0.012,14.3
ses-799864342,flashes_presentations_1.0,flashes,150,0.017,0.226,0.02,0.0
ses-799864342,gabors_presentations_0.0,gabors,3645,0.365,1.831,0.014,3.3
ses-799864342,natural_movie_one_presentations_4.0,natural_movie_one,8986,0.557,2.804,0.159,5.5
ses-799864342,natural_movie_one_presentations_12.0,natural_movie_one,8984,0.339,3.145,0.099,3.8
ses-799864342,natural_movie_three_presentations_3.0,natural_movie_three,17950,0.39,3.104,0.109,4.6
ses-799864342,natural_movie_three_presentations_6.0,natural_movie_three,17954,0.372,3.256,0.091,3.9
ses-799864342,natural_scenes_presentations_9.0,natural_scenes,1920,0.437,2.526,0.021,3.3
ses-799864342,natural_scenes_presentations_10.0,natural_scenes,1920,1.428,4.434,0.036,9.9
ses-799864342,natural_scenes_presentations_13.0,natural_scenes,2110,2.567,7.145,0.051,17.6
ses-799864342,spontaneous_presentations_spontaneous,spontaneous,16,1.358,2.893,0.082,6.2
ses-799864342,static_gratings_presentations_8.0,static_gratings,1920,0.56,2.975,0.032,4.8
ses-799864342,static_gratings_presentations_11.0,static_gratings,1920,0.527,2.451,0.023,4.3
ses-799864342,static_gratings_presentations_14.0,static_gratings,2160,1.503,5.161,0.028,9.9
